symbol,date,timestamp,TotalRevenue,CostOfRevenue,GrossProfit,SellingGeneralAndAdministration,ResearchAndDevelopment,OtherOpEx,OperatingExpense,OperatingIncome,NetInterestIncome,OtherInc,PretaxIncome,TaxProvision,OtherAfterTaxEx,NetIncome,OtherStockholders,NetIncomeCommonStockholders,DilutedAverageShares,RevGrowth,GrossMargin,OpMargin,NetMargin,SG&A_Rev,R&D_Rev,OtherEx_Rev,EPS,DepreciationAndAmortization,OtherNonCashAdj,CashFlowFromContinuingOperatingActivities,CashFlowFromContinuingInvestingActivities,CashFlowFromContinuingFinancingActivities,ChangesInCash,OperatingCashFlow,CapitalExpenditure,FreeCashFlow,CFGrowth,CXChange,FCFGrowth,FCFMargin,TotalAssets,CurrentAssets,CashCashEquivalentsAndShortTermInvestments,Inventory,TotalNonCurrentAssets,NetPPE,TotalLiabilitiesNetMinorityInterest,CurrentLiabilities,CurrentDebtAndCapitalLeaseObligation,TotalNonCurrentLiabilitiesNetMinorityInterest,LongTermDebtAndCapitalLeaseObligation,TotalEquityGrossMinorityInterest,CommonStockEquity,RetainedEarnings,NetDebt,TangibleAssets,CapitalEmployed,InvestedCapital,NCAV,Shares,D_E,AssetsGrowth,TAGrowth,EquityGrowth,ICGrowth,source,currency,market_cap
AAPL,2022-09-30,2026-02-05T06:10:32.419079+0000,394328000000,223546000000,170782000000,25094000000,26251000000,0,51345000000,119437000000,-106000000,-228000000,119103000000,19300000000,0,99803000000,0,99803000000,16325819000,,0.433096,0.302887,0.253096,0.063637,0.066571,0.0,6.1132,11104000000,11244000000,122151000000,-22354000000,-110749000000,-10952000000,122151000000,-10708000000,111443000000,,,,0.912338,352755000000,135405000000,48304000000,4946000000,217350000000,42117000000,302083000000,153982000000,22773000000,148101000000,109707000000,50672000000,50672000000,-3068000000,84176000000,47063000000,198773000000,147095000000,-166678000000,15943425000,2.614462,,,,,yahooquery,usd,mega_cap
AAPL,2023-09-30,2026-02-05T06:10:32.419079+0000,383285000000,214137000000,169148000000,24932000000,29915000000,0,54847000000,114301000000,-183000000,-382000000,113736000000,16741000000,0,96995000000,0,96995000000,15812547000,-0.028005,0.441311,0.298214,0.253062,0.065048,0.078049,0.0,6.134053,11519000000,2029000000,110543000000,3705000000,-108488000000,5760000000,110543000000,-10959000000,99584000000,-0.09503,0.02344,-0.106413,0.900862,352583000000,143566000000,61555000000,6331000000,209017000000,43715000000,290437000000,145308000000,15807000000,145129000000,95281000000,62146000000,62146000000,-214000000,49533000000,50046000000,207275000000,143269000000,-146871000000,15550061000,1.787533,-0.000488,0.063383,0.226437,-0.02601,yahooquery,usd,mega_cap
AAPL,2024-09-30,2026-02-05T06:10:32.419079+0000,391035000000,210352000000,180683000000,26097000000,31370000000,0,57467000000,123216000000,,269000000,123485000000,29749000000,0,93736000000,0,93736000000,15408095000,0.02022,0.462063,0.315102,0.239713,0.066738,0.080223,0.0,6.083555,11445000000,13073000000,118254000000,2935000000,-121983000000,-794000000,118254000000,-9447000000,108807000000,0.069756,-0.137969,0.092615,0.920113,364980000000,152987000000,65171000000,7286000000,211993000000,45680000000,308030000000,176392000000,20879000000,131638000000,85750000000,56950000000,56950000000,-19154000000,41458000000,52966000000,188588000000,133636000000,-155043000000,15116786000,1.872327,0.035161,0.058346,-0.08361,-0.067237,yahooquery,usd,mega_cap
AAPL,2025-09-30,2026-02-05T06:10:32.419079+0000,416161000000,220960000000,195201000000,27601000000,34550000000,0,62151000000,133050000000,,-321000000,132729000000,20719000000,0,112010000000,0,112010000000,15004697000,0.064255,0.469052,0.319708,0.269151,0.066323,0.083021,0.0,7.464996,11698000000,-12226000000,111482000000,15195000000,-120686000000,5991000000,111482000000,-12715000000,98767000000,-0.057267,0.34593,-0.092273,0.885946,359241000000,147957000000,54697000000,5718000000,211284000000,49834000000,285508000000,165631000000,20329000000,119877000000,78328000000,73733000000,73733000000,-14264000000,43960000000,55552000000,193610000000,136456000000,-137551000000,14773260000,1.33803,-0.015724,0.048824,0.294697,0.021102,yahooquery,usd,mega_cap
ABBV,2021-12-31,2026-02-05T06:10:32.419079+0000,56197000000,17446000000,38751000000,12349000000,8046000000,432000000,20827000000,17924000000,-2384000000,-2551000000,12989000000,1440000000,7000000,11542000000,-74000000,11468000000,1777000000,,0.689556,0.318949,0.204068,0.219745,0.143175,0.007687,6.453573,8521000000,2714000000,22777000000,-2344000000,-19039000000,1394000000,22777000000,-787000000,21990000000,,,,0.965448,146529000000,27928000000,9830000000,3128000000,118601000000,5110000000,131093000000,35194000000,12495000000,95899000000,64189000000,15436000000,15408000000,3127000000,66854000000,8238000000,111335000000,82374000000,-103165000000,1768337696,4.967867,,,,,yahooquery,usd,mega_cap
ABBV,2022-12-31,2026-02-05T06:10:32.419079+0000,58054000000,17414000000,40640000000,15260000000,6510000000,56000000,21826000000,18814000000,-2044000000,-3293000000,13477000000,1632000000,9000000,11836000000,-54000000,11782000000,1778000000,0.033044,0.700038,0.324078,0.202949,0.262859,0.112137,0.000965,6.626547,8467000000,4640000000,24943000000,-623000000,-24803000000,-483000000,24943000000,-695000000,24248000000,0.095096,-0.1169,0.102683,0.972136,138805000000,28463000000,9229000000,3579000000,110342000000,4935000000,121518000000,29538000000,4136000000,91980000000,59135000000,17287000000,17254000000,4784000000,54042000000,8514000000,109267000000,71357000000,-93055000000,1769181294,3.660034,-0.052713,0.033503,0.119808,-0.133744,yahooquery,usd,mega_cap
ABBV,2023-12-31,2026-02-05T06:10:32.419079+0000,54318000000,20415000000,33903000000,12872000000,7675000000,-179000000,20368000000,13535000000,-1684000000,-5601000000,6250000000,1377000000,10000000,4863000000,-43000000,4820000000,1773000000,-0.064354,0.624158,0.249181,0.088737,0.236975,0.141298,-0.003295,2.718556,8698000000,9278000000,22839000000,-2009000000,-17222000000,3608000000,22839000000,-777000000,22062000000,-0.084352,0.117986,-0.090152,0.965979,134711000000,33002000000,12816000000,4099000000,101709000000,4989000000,124314000000,37841000000,7191000000,86473000000,52194000000,10397000000,10360000000,-1000000000,46569000000,9088000000,96870000000,56968000000,-91312000000,1765940733,5.711744,-0.029495,0.067418,-0.39956,-0.201648,yahooquery,usd,mega_cap
ABBV,2024-12-31,2026-02-05T06:10:32.419079+0000,56334000000,16904000000,39430000000,14752000000,12791000000,-7000000,27536000000,11894000000,-2160000000,-6018000000,3716000000,-570000000,8000000,4278000000,-40000000,4238000000,1773000000,0.037115,0.699933,0.211134,0.07523,0.261867,0.227056,-0.000124,2.390299,8386000000,6142000000,18806000000,-20820000000,-5211000000,-7225000000,18806000000,-974000000,17832000000,-0.176584,0.253539,-0.191732,0.948208,135161000000,25582000000,5555000000,4181000000,109579000000,5134000000,131797000000,38749000000,6804000000,93048000000,60340000000,3364000000,3325000000,-7900000000,61589000000,9315000000,96412000000,64984000000,-106215000000,1765256986,19.959572,0.00334,0.024978,-0.679054,0.140711,yahooquery,usd,mega_cap
AMAT,2022-10-31,2026-02-05T06:10:32.419079+0000,25785000000,13792000000,11993000000,1438000000,2771000000,0,4209000000,7784000000,-189000000,4000000,7599000000,1074000000,0,6525000000,0,6525000000,877000000,,0.465115,0.301881,0.253054,0.055769,0.107466,0.0,7.440137,444000000,-1570000000,5399000000,-1357000000,-7043000000,-3001000000,5399000000,-787000000,4612000000,,,,0.854232,26726000000,15925000000,2581000000,5932000000,10801000000,2696000000,14532000000,7379000000,85000000,7153000000,5744000000,12194000000,12194000000,37892000000,3248000000,8628000000,19347000000,15656000000,1393000000,844000000,0.478022,,,,,yahooquery,usd,mega_cap
AMAT,2023-10-31,2026-02-05T06:10:32.419079+0000,26517000000,14133000000,12384000000,1628000000,3102000000,0,4730000000,7654000000,62000000,0,7716000000,860000000,0,6856000000,0,6856000000,845000000,0.028389,0.467021,0.288645,0.258551,0.061395,0.116982,0.0,8.113609,515000000,1329000000,8700000000,-1535000000,-3032000000,4133000000,8700000000,-1106000000,7594000000,0.61141,0.405337,0.646574,0.872874,30729000000,19147000000,6869000000,5725000000,11582000000,3201000000,14380000000,7372000000,286000000,7008000000,5713000000,16349000000,16349000000,43726000000,-870000000,8926000000,23357000000,16349000000,4767000000,833000000,0.366934,0.149779,0.034539,0.340741,0.044264,yahooquery,usd,mega_cap
AMAT,2024-10-31,2026-02-05T06:10:32.419079+0000,27176000000,14279000000,12897000000,1797000000,3233000000,0,5030000000,7867000000,285000000,0,8152000000,975000000,0,7177000000,0,7177000000,834000000,0.024852,0.474573,0.289483,0.264093,0.066125,0.118965,0.0,8.605516,392000000,1108000000,8677000000,-2327000000,-4470000000,1880000000,8677000000,-1190000000,7487000000,-0.002644,0.075949,-0.01409,0.862856,34409000000,21220000000,9471000000,5421000000,13189000000,3714000000,15408000000,8468000000,887000000,6940000000,5719000000,19001000000,19001000000,49651000000,-2865000000,9135000000,25941000000,19001000000,5812000000,818000000,0.347666,0.119757,0.023415,0.162212,0.162212,yahooquery,usd,mega_cap
AMAT,2025-10-31,2026-02-05T06:10:32.419079+0000,28368000000,14560000000,13808000000,1768000000,3570000000,0,5338000000,8470000000,982000000,-181000000,9271000000,2273000000,0,6998000000,0,6998000000,808000000,0.043862,0.486746,0.298576,0.246686,0.062324,0.125846,0.0,8.660891,435000000,525000000,7958000000,-2782000000,-5977000000,-801000000,7958000000,-2260000000,5698000000,-0.082863,0.89916,-0.238948,0.716009,36299000000,20881000000,8573000000,5915000000,15418000000,5119000000,15884000000,7999000000,191000000,7885000000,6859000000,20415000000,20415000000,55227000000,-1523000000,11034000000,28300000000,20415000000,4997000000,793000000,0.345334,0.054927,0.207882,0.074417,0.074417,yahooquery,usd,mega_cap
AMD,2021-12-31,2026-02-05T06:10:32.419079+0000,16434000000,8505000000,7929000000,1448000000,2845000000,-12000000,4281000000,3648000000,-26000000,47000000,3669000000,513000000,-6000000,3162000000,0,3162000000,1229000000,,0.482475,0.221979,0.192406,0.08811,0.173117,-0.00073,2.572823,463000000,-104000000,3521000000,-686000000,-1895000000,940000000,3521000000,-301000000,3220000000,,,,0.914513,12419000000,8583000000,3608000000,1955000000,3836000000,1069000000,4922000000,4240000000,312000000,682000000,349000000,7497000000,7497000000,-1451000000,-2947000000,3024000000,8179000000,7497000000,3661000000,1207000000,0.088169,,,,,yahooquery,usd,mega_cap
AMD,2022-12-31,2026-02-05T06:10:32.419079+0000,23601000000,12998000000,10603000000,2336000000,5005000000,1998000000,9339000000,1264000000,-23000000,-57000000,1184000000,-122000000,-14000000,1320000000,0,1320000000,1571000000,0.436108,0.449261,0.053557,0.05593,0.098979,0.212067,0.084657,0.840229,4262000000,-2017000000,3565000000,1999000000,-3264000000,2300000000,3565000000,-450000000,3115000000,0.012496,0.495017,-0.032609,0.873773,67580000000,15019000000,5855000000,3771000000,52561000000,1973000000,12830000000,6369000000,,6461000000,2863000000,54750000000,54750000000,-131000000,-2992000000,5744000000,61211000000,54750000000,2189000000,1612000000,0.052292,4.441662,0.899471,6.302921,6.302921,yahooquery,usd,mega_cap
AMD,2023-12-31,2026-02-05T06:10:32.419079+0000,22680000000,12220000000,10460000000,2352000000,5872000000,1835000000,10059000000,401000000,100000000,-9000000,492000000,-346000000,-16000000,854000000,0,854000000,1625000000,-0.039024,0.461199,0.017681,0.037654,0.103704,0.258907,0.080908,0.525538,3551000000,-2738000000,1667000000,-1423000000,-1146000000,-902000000,1667000000,-546000000,1121000000,-0.532398,0.213333,-0.640128,0.672466,67885000000,16768000000,5773000000,4351000000,51117000000,2222000000,11993000000,6689000000,751000000,5304000000,2252000000,55892000000,55892000000,723000000,-2770000000,6573000000,61196000000,55892000000,4775000000,1616000000,0.053729,0.004513,0.144325,0.020858,0.020858,yahooquery,usd,mega_cap
AMD,2024-12-31,2026-02-05T06:10:32.419079+0000,25785000000,13060000000,12725000000,2783000000,6456000000,1400000000,10639000000,2086000000,90000000,-187000000,1989000000,381000000,-33000000,1641000000,0,1641000000,1637000000,0.136905,0.493504,0.0809,0.063642,0.107931,0.250378,0.054295,1.002443,3177000000,-1777000000,3041000000,-1101000000,-2062000000,-122000000,3041000000,-636000000,2405000000,0.824235,0.164835,1.145406,0.790858,69226000000,19049000000,5132000000,5734000000,50177000000,2425000000,11658000000,7281000000,,4377000000,2212000000,57568000000,57568000000,2364000000,-2920000000,8159000000,61945000000,57568000000,7391000000,1622000000,0.038424,0.019754,0.24129,0.029986,0.029986,yahooquery,usd,mega_cap
AMZN,2021-12-31,2026-02-05T06:10:32.419079+0000,469822000000,272344000000,197478000000,41374000000,,131225000000,172599000000,24879000000,-1361000000,14633000000,38151000000,4791000000,-4000000,33364000000,0,33364000000,10300000000,,0.420325,0.052954,0.071014,0.088063,,0.279308,3.239223,34433000000,-21470000000,46327000000,-58154000000,6291000000,-5536000000,46327000000,-61053000000,-14726000000,,,,-0.317871,420549000000,161580000000,96049000000,32640000000,258969000000,216363000000,282304000000,142266000000,,140038000000,116395000000,138245000000,138245000000,85915000000,20346000000,249003000000,278283000000,150769000000,-120724000000,10180000000,0.841947,,,,,yahooquery,usd,mega_cap
AMZN,2022-12-31,2026-02-05T06:10:32.419079+0000,513983000000,288831000000,225152000000,54129000000,,158775000000,212904000000,12248000000,-1378000000,-16806000000,-5936000000,-3217000000,3000000,-2722000000,0,-2722000000,10189000000,0.093995,0.438053,0.02383,-0.005296,0.105313,,0.308911,-0.267151,41921000000,7553000000,46752000000,-37601000000,9718000000,18869000000,46752000000,-63645000000,-16893000000,0.009174,0.042455,0.147155,-0.361332,462675000000,146791000000,70026000000,34405000000,315884000000,252838000000,316632000000,155393000000,,161239000000,140118000000,146043000000,146043000000,83193000000,70092000000,287243000000,307282000000,159305000000,-169841000000,10242000000,0.95943,0.100169,0.153572,0.056407,0.056616,yahooquery,usd,mega_cap
AMZN,2023-12-31,2026-02-05T06:10:32.419079+0000,574785000000,304739000000,270046000000,56186000000,,177008000000,233194000000,36852000000,-233000000,938000000,37557000000,7120000000,12000000,30425000000,0,30425000000,10492000000,0.118296,0.469821,0.064114,0.052933,0.097751,,0.307955,2.899828,48663000000,5858000000,84946000000,-49833000000,-15879000000,19234000000,84946000000,-52729000000,32217000000,0.816949,-0.171514,,0.379264,527854000000,172351000000,86780000000,33318000000,355503000000,276690000000,325979000000,164917000000,,161062000000,135611000000,201875000000,201875000000,113618000000,48831000000,310008000000,362937000000,201875000000,-153628000000,10383000000,0.671757,0.140874,0.079253,0.382298,0.267223,yahooquery,usd,mega_cap
AMZN,2024-12-31,2026-02-05T06:10:32.419079+0000,637959000000,326288000000,311671000000,55266000000,,187812000000,243078000000,68593000000,2271000000,-2250000000,68614000000,9265000000,101000000,59248000000,0,59248000000,10721000000,0.109909,0.488544,0.107519,0.092871,0.086629,,0.294395,5.52635,52795000000,3834000000,115877000000,-94342000000,-11812000000,9723000000,115877000000,-82999000000,32878000000,0.364125,0.574067,0.020517,0.283732,624894000000,190867000000,101202000000,34214000000,434027000000,328806000000,338924000000,179431000000,,159493000000,130900000000,285970000000,285970000000,172866000000,29698000000,363020000000,445463000000,285970000000,-148057000000,10593000000,0.45774,0.183839,0.171002,0.41657,0.41657,yahooquery,usd,mega_cap
ASML,2022-12-31,2026-02-05T06:10:32.419079+0000,22572440039,11165327073,11407112965,1008400684,3468476185,0,4476876869,6930236096,-47546961,0,6882689135,1033986492,-147118400,5995821043,0,5995821043,398000000,,0.505356,0.307022,0.265626,0.044674,0.15366,0.0,15.064877,622161580,2429585746,9047568370,-1096884938,-7609965746,340717685,9047568370,-1406473223,7641095147,,,,0.844547,38698962017,24588921583,7863371859,7675422773,14110040434,4410247159,29305985231,19171872854,795505434,10134112377,3746402032,9392976787,9392976787,9644463964,-3321464393,12085669932,19527089164,9392976787,-4717063648,394589411,0.483543,,,,,yahooquery,usd,mega_cap
ASML,2023-12-31,2026-02-05T06:10:32.419079+0000,30502274280,14856168742,15646105537,1232111027,4405804126,0,5637915152,10008190385,45600947,0,10053791332,1589170870,-211734495,8676354957,0,8676354957,394100000,0.351306,0.512949,0.328113,0.284449,0.040394,0.144442,0.0,22.015618,818824773,-3470320619,6024859111,-2976568617,-3324773907,-276483412,6024859111,-2430796116,3594062995,-0.334091,0.728292,-0.52964,0.596539,44225724351,26999634543,7758912601,9796123844,17226089808,6419329440,29336351035,18013148873,110682,11323202162,5126232681,14889373316,14889373316,13701867099,-2632569239,16215453284,26212575478,14889373316,-2336716493,393421721,0.344295,0.142814,0.341709,0.58516,0.58516,yahooquery,usd,mega_cap
ASML,2024-12-31,2026-02-05T06:10:32.419079+0000,29410804141,14330208250,15080595891,1213045172,4478495759,0,5691540931,9389054960,20604182,0,9409659142,1748857953,-218321075,7879122264,0,7879122264,393600000,-0.035783,0.512757,0.319238,0.267899,0.041245,0.152274,0.0,20.018095,955909149,2784686351,11619717764,-2715277316,-2947126389,5957314060,11619717764,-2167705582,9452012182,0.928629,-0.108232,1.629896,0.813446,50563077705,31985806523,13258790810,11333860761,18577271182,7527810563,31335838252,20865792192,1051333565,10470046060,3826654380,19227239453,19227239453,14999740088,-9432136431,18861671324,29697285513,19227239453,649968272,393283720,0.253702,0.143296,0.163191,0.29134,0.29134,yahooquery,usd,mega_cap
ASML,2025-12-31,2026-02-05T06:10:32.419079+0000,38375231719,18101754909,20273476810,1477574408,5519817640,0,6997392048,13276084762,122994149,0,13399078911,2365199804,-254563821,11288442929,0,11288442929,388900000,0.3048,0.528296,0.345955,0.29416,0.038503,0.143838,0.0,29.026595,1205154703,2376712150,14870309781,-4437892032,-10185489668,246928081,14870309781,-1916218297,12954091484,0.279748,-0.116015,0.370512,0.871138,59402062376,35965627151,15649625143,13426332629,23436435225,9673660148,36363038045,28503512225,,7859525820,3182341446,23039024331,23039024331,,-12467283697,23099992777,30898550151,23039024331,-397410894,388147674,0.138128,0.174811,0.224706,0.198249,0.198249,yahooquery,usd,mega_cap
ASMLF,2022-12-31,2026-02-05T06:10:32.419079+0000,22572440039,11165327073,11407112965,1008400684,3468476185,0,4476876869,6930236096,-47546961,0,6882689135,1033986492,-147118400,5995821043,0,5995821043,398000000,,0.505356,0.307022,0.265626,0.044674,0.15366,0.0,15.064877,622161580,2429585746,9047568370,-1096884938,-7609965746,340717685,9047568370,-1406473223,7641095147,,,,0.844547,38698962017,24588921583,7863371859,7675422773,14110040434,4410247159,29305985231,19171872854,795505434,10134112377,3746402032,9392976787,9392976787,9644463964,-3321464393,12085669932,19527089164,9392976787,-4717063648,394589411,0.483543,,,,,yahooquery,usd,mega_cap
ASMLF,2023-12-31,2026-02-05T06:10:32.419079+0000,30502274280,14856168742,15646105537,1232111027,4405804126,0,5637915152,10008190385,45600947,0,10053791332,1589170870,-211734495,8676354957,0,8676354957,394100000,0.351306,0.512949,0.328113,0.284449,0.040394,0.144442,0.0,22.015618,818824773,-3470320619,6024859111,-2976568617,-3324773907,-276483412,6024859111,-2430796116,3594062995,-0.334091,0.728292,-0.52964,0.596539,44225724351,26999634543,7758912601,9796123844,17226089808,6419329440,29336351035,18013148873,110682,11323202162,5126232681,14889373316,14889373316,13701867099,-2632569239,16215453284,26212575478,14889373316,-2336716493,393421721,0.344295,0.142814,0.341709,0.58516,0.58516,yahooquery,usd,mega_cap
ASMLF,2024-12-31,2026-02-05T06:10:32.419079+0000,29410804141,14330208250,15080595891,1213045172,4478495759,0,5691540931,9389054960,20604182,0,9409659142,1748857953,-218321075,7879122264,0,7879122264,393600000,-0.035783,0.512757,0.319238,0.267899,0.041245,0.152274,0.0,20.018095,955909149,2784686351,11619717764,-2715277316,-2947126389,5957314060,11619717764,-2167705582,9452012182,0.928629,-0.108232,1.629896,0.813446,50563077705,31985806523,13258790810,11333860761,18577271182,7527810563,31335838252,20865792192,1051333565,10470046060,3826654380,19227239453,19227239453,14999740088,-9432136431,18861671324,29697285513,19227239453,649968272,393283720,0.253702,0.143296,0.163191,0.29134,0.29134,yahooquery,usd,mega_cap
ASMLF,2025-12-31,2026-02-05T06:10:32.419079+0000,38375231719,18101754909,20273476810,1477574408,5519817640,0,6997392048,13276084762,122994149,0,13399078911,2365199804,-254563821,11288442929,0,11288442929,388900000,0.3048,0.528296,0.345955,0.29416,0.038503,0.143838,0.0,29.026595,1205154703,2376712150,14870309781,-4437892032,-10185489668,246928081,14870309781,-1916218297,12954091484,0.279748,-0.116015,0.370512,0.871138,59402062376,35965627151,15649625143,13426332629,23436435225,9673660148,36363038045,28503512225,,7859525820,3182341446,23039024331,23039024331,,-12467283697,23099992777,30898550151,23039024331,-397410894,388147674,0.138128,0.174811,0.224706,0.198249,0.198249,yahooquery,usd,mega_cap
AVGO,2022-10-31,2026-02-05T06:10:32.419079+0000,33203000000,11108000000,22095000000,1382000000,4919000000,1512000000,7813000000,14282000000,-1637000000,-211000000,12434000000,939000000,0,11495000000,-272000000,11223000000,4230000000,,0.665452,0.430142,0.338012,0.041623,0.148149,0.045538,2.653191,4984000000,257000000,16736000000,-667000000,-15816000000,253000000,16736000000,-424000000,16312000000,,,,0.974665,73249000000,18504000000,12416000000,1925000000,54745000000,2223000000,50540000000,7052000000,440000000,43488000000,39075000000,22709000000,22709000000,1604000000,27099000000,4148000000,66197000000,49749000000,-32036000000,4180000000,1.740059,,,,,yahooquery,usd,mega_cap
AVGO,2023-10-31,2026-02-05T06:10:32.419079+0000,35819000000,11129000000,24690000000,1592000000,5253000000,1394000000,8239000000,16451000000,-1087000000,-267000000,15097000000,1015000000,0,14082000000,0,14082000000,4270000000,0.078788,0.689299,0.459281,0.393143,0.044446,0.146654,0.038918,3.297892,3835000000,168000000,18085000000,-689000000,-15623000000,1773000000,18085000000,-452000000,17633000000,0.080605,0.066038,0.080983,0.975007,72861000000,20847000000,14189000000,1898000000,52014000000,2154000000,48873000000,7405000000,1608000000,41468000000,37621000000,23988000000,23988000000,2682000000,25040000000,4052000000,65456000000,48979000000,-28026000000,4140000000,1.635359,-0.005297,-0.023144,0.056321,-0.015478,yahooquery,usd,mega_cap
AVGO,2024-10-31,2026-02-05T06:10:32.419079+0000,51574000000,19065000000,32509000000,4959000000,9310000000,3244000000,17513000000,14996000000,-3492000000,-1588000000,9916000000,3748000000,273000000,5895000000,0,5895000000,4778000000,0.43985,0.630337,0.290767,0.114302,0.096153,0.180517,0.0629,1.23378,10010000000,4057000000,19962000000,-23070000000,-1733000000,-4841000000,19962000000,-548000000,19414000000,0.103788,0.212389,0.101004,0.972548,165645000000,19595000000,9348000000,1760000000,146050000000,2521000000,97967000000,16697000000,1271000000,81270000000,66295000000,67678000000,67678000000,0,58218000000,4281000000,148948000000,125857000000,-78372000000,4686000000,0.998345,1.273438,0.056515,1.821327,1.569611,yahooquery,usd,mega_cap
AVGO,2025-10-31,2026-02-05T06:10:32.419079+0000,63887000000,20593000000,43294000000,4211000000,10977000000,2031000000,17219000000,26075000000,-2863000000,-483000000,22729000000,-397000000,0,23126000000,0,23126000000,4853000000,0.238744,0.677665,0.408143,0.361983,0.065913,0.171819,0.031791,4.7653,8775000000,-4364000000,27537000000,-580000000,-20127000000,6830000000,27537000000,-623000000,26914000000,0.379471,0.136861,0.386319,0.977376,171092000000,31573000000,16178000000,2270000000,139519000000,2530000000,89800000000,18514000000,3152000000,71286000000,61984000000,81292000000,81292000000,9761000000,48958000000,4800000000,152578000000,130250000000,-58227000000,4741000000,0.80126,0.032884,0.121233,0.201158,0.034905,yahooquery,usd,mega_cap
AXP,2021-12-31,2026-02-05T06:10:32.419079+0000,43147000000,,,11531000000,,-11531000000,,,7750000000,2939000000,10689000000,2629000000,0,8060000000,-143000000,7917000000,761000000,,,,0.183489,0.267249,,-0.267249,10.403417,1695000000,4890000000,14645000000,-10529000000,-14933000000,-10817000000,14645000000,-1550000000,13095000000,,,,0.894162,188548000000,,21522000000,,,4988000000,166371000000,,2243000000,,38675000000,22177000000,22177000000,13474000000,19396000000,4988000000,188548000000,41559000000,-166371000000,761000000,1.845065,,,,,yahooquery,usd,mega_cap
AXP,2022-12-31,2026-02-05T06:10:32.419079+0000,52862000000,,,12710000000,,-12710000000,,,9895000000,-310000000,9585000000,2071000000,0,7514000000,-114000000,7400000000,752000000,0.22516,,,0.139987,0.240437,,-0.240437,9.840426,1626000000,11939000000,21079000000,-33689000000,24509000000,11899000000,21079000000,-1855000000,19224000000,0.439331,0.196774,0.468041,0.911998,228354000000,,33537000000,,,5215000000,203643000000,,1348000000,,42573000000,24711000000,24711000000,16279000000,10384000000,5215000000,228354000000,35092000000,-203643000000,743000000,1.777387,0.211119,0.045509,0.114263,-0.15561,yahooquery,usd,mega_cap
AXP,2023-12-31,2026-02-05T06:10:32.419079+0000,60515000000,,,13280000000,,-13280000000,,,13134000000,-2621000000,10513000000,2139000000,0,8374000000,-122000000,8252000000,736000000,0.144773,,,0.136363,0.21945,,-0.21945,11.211957,1651000000,8534000000,18559000000,-24433000000,18379000000,12505000000,18559000000,-1563000000,16996000000,-0.11955,-0.157412,-0.115897,0.915782,261108000000,,46530000000,,,5908000000,233051000000,,1293000000,,47866000000,28057000000,28057000000,19612000000,2629000000,5908000000,261108000000,30686000000,-233051000000,723000000,1.752112,0.143435,0.132886,0.135405,-0.125556,yahooquery,usd,mega_cap
AXP,2024-12-31,2026-02-05T06:10:32.419079+0000,65949000000,,,14238000000,,-14238000000,,,15543000000,-2648000000,12895000000,2766000000,0,10129000000,-134000000,9995000000,713000000,0.089796,,,0.151557,0.215894,,-0.215894,14.018233,1676000000,2245000000,14050000000,-24402000000,4436000000,-5916000000,14050000000,-1911000000,12139000000,-0.242955,0.222649,-0.285773,0.863986,271461000000,,40552000000,,,6175000000,241197000000,,1374000000,,49715000000,30264000000,30264000000,22148000000,10537000000,6175000000,271461000000,40801000000,-241197000000,702000000,1.688111,0.03965,0.045193,0.078661,0.329629,yahooquery,usd,mega_cap
AZN,2021-12-31,2026-02-05T06:10:32.419079+0000,37417000000,12437000000,24980000000,15590000000,9736000000,-207000000,25119000000,-139000000,-1233000000,1107000000,-265000000,-380000000,3000000,112000000,0,112000000,1427000000,,0.667611,-0.003715,0.002993,0.416656,0.260203,-0.005532,0.078486,4102000000,1749000000,5963000000,-11058000000,3649000000,-1446000000,5963000000,-2200000000,3763000000,,,,0.631058,105363000000,26244000000,6398000000,8983000000,79119000000,10171000000,66076000000,22594000000,1800000000,43482000000,28888000000,39287000000,39268000000,1710000000,24290000000,19154000000,82769000000,62659000000,-39832000000,1549400665,0.781124,,,,,yahooquery,usd,mega_cap
AZN,2022-12-31,2026-02-05T06:10:32.419079+0000,44351000000,12391000000,31960000000,17984000000,9762000000,-298000000,27448000000,4512000000,-1249000000,-762000000,2501000000,-792000000,5000000,3288000000,0,3288000000,1560000000,0.185317,0.720615,0.101734,0.074136,0.405493,0.220108,-0.006719,2.107692,5254000000,1266000000,9808000000,-2960000000,-6823000000,25000000,9808000000,-2571000000,7237000000,0.64481,0.168636,0.9232,0.737867,96483000000,22593000000,6243000000,4699000000,73890000000,9449000000,59425000000,26293000000,5453000000,33132000000,23690000000,37058000000,37037000000,-574000000,22900000000,14148000000,70190000000,59082000000,-36832000000,1549800030,0.786416,-0.08428,-0.261355,-0.056815,-0.057087,yahooquery,usd,mega_cap
AZN,2023-12-31,2026-02-05T06:10:32.419079+0000,45811000000,8268000000,37543000000,18222000000,10935000000,-336000000,28821000000,8722000000,-1288000000,-535000000,6899000000,938000000,6000000,5955000000,0,5955000000,1562000000,0.032919,0.819519,0.190391,0.129991,0.397765,0.238698,-0.007334,3.81242,4934000000,-544000000,10345000000,-4064000000,-6567000000,-286000000,10345000000,-3778000000,6567000000,0.054751,0.469467,-0.09258,0.634799,101119000000,25054000000,5860000000,5424000000,76065000000,10502000000,61953000000,30542000000,5185000000,31411000000,23222000000,39166000000,39143000000,1502000000,22547000000,15926000000,70577000000,60605000000,-36899000000,1550162626,0.725297,0.04805,0.125671,0.056862,0.025778,yahooquery,usd,mega_cap
AZN,2024-12-31,2026-02-05T06:10:32.419079+0000,54073000000,10207000000,43866000000,20224000000,13583000000,-192000000,33615000000,10251000000,-1337000000,-223000000,8691000000,1650000000,6000000,7035000000,0,7035000000,1563000000,0.18035,0.811237,0.189577,0.130102,0.374013,0.251197,-0.003551,4.50096,5065000000,-239000000,11861000000,-7980000000,-3996000000,-115000000,11861000000,-4586000000,7275000000,0.146544,0.21387,0.107812,0.613355,104035000000,25827000000,5525000000,5288000000,78208000000,11647000000,63164000000,27866000000,2495000000,35298000000,27619000000,40871000000,40786000000,3160000000,24589000000,16935000000,76169000000,64045000000,-37337000000,1550103897,0.736806,0.028837,0.063356,0.041974,0.056761,yahooquery,usd,mega_cap
BABA,2022-03-31,2026-02-05T06:11:39.556825+0000,134420913529,85003624359,49417289170,23907377684,8739875846,1835271504,34482525034,14934764136,-3247770325,-2303425676,9383568135,4225363217,-4650657094,9808862013,-45696637,9763165375,2723375000,,0.367631,0.111104,0.072631,0.177855,0.065019,0.013653,3.584951,7573823718,5112508281,22495194012,-31293057315,-10155526159,-18953389462,22495194012,-8402508602,14092685410,,,,0.626475,267176105836,100616904774,71709842231,4740947347,166559201062,39937442946,96649963921,60474614832,2180044755,36175349089,25647158973,170526141915,149456210267,88802275527,-43882638503,44678390293,206701491004,170526141915,3966940853,21357323112,0.163184,,,,,yahooquery,usd,mega_cap
BABA,2023-03-31,2026-02-05T06:11:39.556825+0000,126439072845,80009170332,46429902514,21203860186,8259198940,1965533316,31428592442,15001310072,-2472781806,452520963,12981049229,2263187021,124155800,10593706409,-39881230,10553825179,2639250000,-0.059379,0.367212,0.118645,0.08347,0.1677,0.065322,0.015545,3.998797,6831916676,11648666825,29074289910,-19723160362,-9550972354,-199842805,29074289910,-5000000035,24074289875,0.292467,-0.40494,0.708283,0.828027,255158944496,101590301130,76337622798,4155071058,153568643366,37470162116,91715621275,56088583299,2610182831,35627037976,25855263339,163443323221,144046490295,87189683889,-47872176627,41625233174,199070361197,163443323221,9874679855,20526017712,0.174161,-0.044978,-0.068336,-0.036196,-0.041535,yahooquery,usd,mega_cap
BABA,2024-03-31,2026-02-05T06:11:39.556825+0000,130238427389,81135127270,49103300120,21743029026,7231163046,2987891773,31962083845,17141216275,-2478516559,-603888463,14058811253,3117553434,-130353559,11071611378,-37085726,11034525652,2544875000,0.030049,0.377026,0.131614,0.084726,0.166948,0.055522,0.022942,4.335979,6158444584,8037085688,25267141650,-3019995834,-14978758664,7268387152,25267141650,-4556701009,20710440641,-0.130946,-0.08866,-0.139728,0.819659,244216286116,104180999989,79018750057,3523143967,140035286126,37837542199,90255309887,58327959316,4825572523,31927350571,23627205312,153960976228,136517538963,82736732465,-50565972222,41360686166,185888326800,153960976228,13925690102,19469126956,0.184805,-0.042886,-0.006355,-0.052268,-0.058016,yahooquery,usd,mega_cap
BABA,2025-03-31,2026-02-05T06:11:39.556825+0000,137184965891,82376629145,54808336747,25921131572,7869003455,767610265,34557745293,20250591454,1537010474,-383323225,21404278703,4880349031,-1390510505,17914440177,-87982594,17826457584,2414750000,0.053337,0.399521,0.147615,0.129945,0.18895,0.057361,0.005595,7.38232,5846092242,-1247315048,22513217371,-25529409383,-10493886342,-13510078354,22513217371,-11837307572,10675909799,-0.108992,1.59778,-0.484516,0.474206,248420298807,92808418226,58943243271,2600512122,155611880581,34332350135,98325849355,59941893899,3649556536,38383955456,30512198242,150094449452,139045267648,88874536094,-24781488493,36932862257,188478404907,161827664941,-5517431129,18997077324,0.227602,0.017214,-0.107054,0.018516,0.051095,yahooquery,usd,mega_cap
BABAF,2022-03-31,2026-02-05T06:11:39.556825+0000,134420913529,85003624359,49417289170,23907377684,8739875846,1835271504,34482525034,14934764136,-3247770325,-2303425676,9383568135,4225363217,-4650657094,9808862013,-45696637,9763165375,21787000000,,0.367631,0.111104,0.072631,0.177855,0.065019,0.013653,0.448119,7573823718,5112508281,22495194012,-31293057315,-10155526159,-18953389462,22495194012,-8402508602,14092685410,,,,0.626475,267176105836,100616904774,71709842231,4740947347,166559201062,39937442946,96649963921,60474614832,2180044755,36175349089,25647158973,170526141915,149456210267,88802275527,-43882638503,44678390293,206701491004,170526141915,3966940853,21357323112,0.163184,,,,,yahooquery,usd,mega_cap
BABAF,2023-03-31,2026-02-05T06:11:39.556825+0000,126439072845,80009170332,46429902514,21203860186,8259198940,1965533316,31428592442,15001310072,-2472781806,452520963,12981049229,2263187021,124155800,10593706409,-39881230,10553825179,21114000000,-0.059379,0.367212,0.118645,0.08347,0.1677,0.065322,0.015545,0.49985,6831916676,11648666825,29074289910,-19723160362,-9550972354,-199842805,29074289910,-5000000035,24074289875,0.292467,-0.40494,0.708283,0.828027,255158944496,101590301130,76337622798,4155071058,153568643366,37470162116,91715621275,56088583299,2610182831,35627037976,25855263339,163443323221,144046490295,87189683889,-47872176627,41625233174,199070361197,163443323221,9874679855,20526017712,0.174161,-0.044978,-0.068336,-0.036196,-0.041535,yahooquery,usd,mega_cap
BABAF,2024-03-31,2026-02-05T06:11:39.556825+0000,130238427389,81135127270,49103300120,21743029026,7231163046,2987891773,31962083845,17141216275,-2478516559,-603888463,14058811253,3117553434,-130353559,11071611378,-37085726,11034525652,20359000000,0.030049,0.377026,0.131614,0.084726,0.166948,0.055522,0.022942,0.541997,6158444584,8037085688,25267141650,-3019995834,-14978758664,7268387152,25267141650,-4556701009,20710440641,-0.130946,-0.08866,-0.139728,0.819659,244216286116,104180999989,79018750057,3523143967,140035286126,37837542199,90255309887,58327959316,4825572523,31927350571,23627205312,153960976228,136517538963,82736732465,-50565972222,41360686166,185888326800,153960976228,13925690102,19469126956,0.184805,-0.042886,-0.006355,-0.052268,-0.058016,yahooquery,usd,mega_cap
BABAF,2025-03-31,2026-02-05T06:11:39.556825+0000,137184965891,82376629145,54808336747,25921131572,7869003455,767610265,34557745293,20250591454,1537010474,-383323225,21404278703,4880349031,-1390510505,17914440177,-87982594,17826457584,19318000000,0.053337,0.399521,0.147615,0.129945,0.18895,0.057361,0.005595,0.92279,5846092242,-1247315048,22513217371,-25529409383,-10493886342,-13510078354,22513217371,-11837307572,10675909799,-0.108992,1.59778,-0.484516,0.474206,248420298807,92808418226,58943243271,2600512122,155611880581,34332350135,98325849355,59941893899,3649556536,38383955456,30512198242,150094449452,139045267648,88874536094,-24781488493,36932862257,188478404907,161827664941,-5517431129,18997077324,0.227602,0.017214,-0.107054,0.018516,0.051095,yahooquery,usd,mega_cap
BAC,2021-12-31,2026-02-05T06:11:39.556825+0000,89113000000,,,45049000000,,-45049000000,,,42934000000,-8958000000,33976000000,1998000000,0,31978000000,-1421000000,30557000000,8077831463,,,,0.342902,0.505527,,-0.505527,3.782822,1898000000,-41069000000,-7193000000,-313291000000,291650000000,-28834000000,-7193000000,,-7193000000,,,,,3169495000000,,355365000000,,,10833000000,2899429000000,,23753000000,,280117000000,270066000000,245358000000,188064000000,-51495000000,10833000000,3169495000000,270066000000,-2899429000000,8077831463,1.125169,,,,,yahooquery,usd,mega_cap
BAC,2022-12-31,2026-02-05T06:11:39.556825+0000,94950000000,,,45946000000,,-45946000000,,,52462000000,-21493000000,30969000000,3441000000,0,27528000000,-1513000000,26015000000,8167500000,0.065501,,,0.273986,0.483897,,-0.483897,3.185185,1978000000,-35833000000,-6327000000,-2529000000,-106039000000,-114895000000,-6327000000,,-6327000000,-0.120395,,-0.120395,,3051375000000,,237462000000,,,11510000000,2778178000000,,26932000000,,275982000000,273197000000,244800000000,207003000000,65452000000,11510000000,3051375000000,338649000000,-2778178000000,7996777943,1.108775,-0.037268,0.062494,-0.002274,0.253949,yahooquery,usd,mega_cap
BAC,2023-12-31,2026-02-05T06:11:39.556825+0000,98581000000,,,47715000000,,-47715000000,,,56931000000,-28589000000,28342000000,1827000000,0,26515000000,-1649000000,24866000000,8080500000,0.038241,,,0.252239,0.484018,,-0.484018,3.077285,2057000000,16410000000,44982000000,-35387000000,93345000000,102940000000,44982000000,,44982000000,,,,1.0,3180151000000,,341419000000,,,11855000000,2888505000000,,32098000000,,302204000000,291646000000,263249000000,224672000000,-7117000000,11855000000,3180151000000,291646000000,-2888505000000,7895457665,1.14626,0.042203,0.029974,0.075364,-0.138796,yahooquery,usd,mega_cap
BAC,2024-12-31,2026-02-05T06:11:39.556825+0000,101887000000,,,49623000000,,-49623000000,,,56060000000,-26806000000,29254000000,2122000000,0,27132000000,-1629000000,25503000000,7935800000,0.033536,,,0.250307,0.48704,,-0.48704,3.213665,2189000000,-38126000000,-8805000000,-90693000000,60369000000,-39129000000,-8805000000,,-8805000000,,,,,3261519000000,,296486000000,,,12168000000,2965960000000,,43391000000,,283279000000,295559000000,272400000000,242349000000,30184000000,12168000000,3261519000000,325743000000,-2965960000000,7610862311,1.105262,0.025586,0.026402,0.034762,0.116912,yahooquery,usd,mega_cap
BAC-PB,2021-12-31,2026-02-05T06:11:39.556825+0000,89113000000,,,45049000000,,-45049000000,,,42934000000,-8958000000,33976000000,1998000000,0,31978000000,-1421000000,30557000000,8077831463,,,,0.342902,0.505527,,-0.505527,3.782822,1898000000,-41069000000,-7193000000,-313291000000,291650000000,-28834000000,-7193000000,,-7193000000,,,,,3169495000000,,355365000000,,,10833000000,2899429000000,,23753000000,,280117000000,270066000000,245358000000,188064000000,-51495000000,10833000000,3169495000000,270066000000,-2899429000000,8077831463,1.125169,,,,,yahooquery,usd,mega_cap
BAC-PB,2022-12-31,2026-02-05T06:11:39.556825+0000,94950000000,,,45946000000,,-45946000000,,,52462000000,-21493000000,30969000000,3441000000,0,27528000000,-1513000000,26015000000,7996777943,0.065501,,,0.273986,0.483897,,-0.483897,3.253185,1978000000,-35833000000,-6327000000,-2529000000,-106039000000,-114895000000,-6327000000,,-6327000000,-0.120395,,-0.120395,,3051375000000,,237462000000,,,11510000000,2778178000000,,26932000000,,275982000000,273197000000,244800000000,207003000000,65452000000,11510000000,3051375000000,338649000000,-2778178000000,7996777943,1.108775,-0.037268,0.062494,-0.002274,0.253949,yahooquery,usd,mega_cap
BAC-PB,2023-12-31,2026-02-05T06:11:39.556825+0000,98581000000,,,47715000000,,-47715000000,,,56931000000,-28589000000,28342000000,1827000000,0,26515000000,-1649000000,24866000000,7895457665,0.038241,,,0.252239,0.484018,,-0.484018,3.149406,2057000000,16410000000,44982000000,-35387000000,93345000000,102940000000,44982000000,,44982000000,,,,1.0,3180151000000,,341419000000,,,11855000000,2888505000000,,32098000000,,302204000000,291646000000,263249000000,224672000000,-7117000000,11855000000,3180151000000,291646000000,-2888505000000,7895457665,1.14626,0.042203,0.029974,0.075364,-0.138796,yahooquery,usd,mega_cap
BAC-PB,2024-12-31,2026-02-05T06:11:39.556825+0000,101887000000,,,49623000000,,-49623000000,,,56060000000,-26806000000,29254000000,2122000000,0,27132000000,-1629000000,25503000000,7610862311,0.033536,,,0.250307,0.48704,,-0.48704,3.350869,2189000000,-38126000000,-8805000000,-90693000000,60369000000,-39129000000,-8805000000,,-8805000000,,,,,3261519000000,,296486000000,,,12168000000,2965960000000,,43391000000,,283279000000,295559000000,272400000000,242349000000,30184000000,12168000000,3261519000000,325743000000,-2965960000000,7610862311,1.105262,0.025586,0.026402,0.034762,0.116912,yahooquery,usd,mega_cap
BAC-PE,2021-12-31,2026-02-05T06:11:39.556825+0000,89113000000,,,45049000000,,-45049000000,,,42934000000,-8958000000,33976000000,1998000000,0,31978000000,-1421000000,30557000000,8077831463,,,,0.342902,0.505527,,-0.505527,3.782822,1898000000,-41069000000,-7193000000,-313291000000,291650000000,-28834000000,-7193000000,,-7193000000,,,,,3169495000000,,355365000000,,,10833000000,2899429000000,,23753000000,,280117000000,270066000000,245358000000,188064000000,-51495000000,10833000000,3169495000000,270066000000,-2899429000000,8077831463,1.125169,,,,,yahooquery,usd,mega_cap
BAC-PE,2022-12-31,2026-02-05T06:11:39.556825+0000,94950000000,,,45946000000,,-45946000000,,,52462000000,-21493000000,30969000000,3441000000,0,27528000000,-1513000000,26015000000,7996777943,0.065501,,,0.273986,0.483897,,-0.483897,3.253185,1978000000,-35833000000,-6327000000,-2529000000,-106039000000,-114895000000,-6327000000,,-6327000000,-0.120395,,-0.120395,,3051375000000,,237462000000,,,11510000000,2778178000000,,26932000000,,275982000000,273197000000,244800000000,207003000000,65452000000,11510000000,3051375000000,338649000000,-2778178000000,7996777943,1.108775,-0.037268,0.062494,-0.002274,0.253949,yahooquery,usd,mega_cap
BAC-PE,2023-12-31,2026-02-05T06:11:39.556825+0000,98581000000,,,47715000000,,-47715000000,,,56931000000,-28589000000,28342000000,1827000000,0,26515000000,-1649000000,24866000000,7895457665,0.038241,,,0.252239,0.484018,,-0.484018,3.149406,2057000000,16410000000,44982000000,-35387000000,93345000000,102940000000,44982000000,,44982000000,,,,1.0,3180151000000,,341419000000,,,11855000000,2888505000000,,32098000000,,302204000000,291646000000,263249000000,224672000000,-7117000000,11855000000,3180151000000,291646000000,-2888505000000,7895457665,1.14626,0.042203,0.029974,0.075364,-0.138796,yahooquery,usd,mega_cap
BAC-PE,2024-12-31,2026-02-05T06:11:39.556825+0000,101887000000,,,49623000000,,-49623000000,,,56060000000,-26806000000,29254000000,2122000000,0,27132000000,-1629000000,25503000000,7610862311,0.033536,,,0.250307,0.48704,,-0.48704,3.350869,2189000000,-38126000000,-8805000000,-90693000000,60369000000,-39129000000,-8805000000,,-8805000000,,,,,3261519000000,,296486000000,,,12168000000,2965960000000,,43391000000,,283279000000,295559000000,272400000000,242349000000,30184000000,12168000000,3261519000000,325743000000,-2965960000000,7610862311,1.105262,0.025586,0.026402,0.034762,0.116912,yahooquery,usd,mega_cap
BAC-PK,2021-12-31,2026-02-05T06:11:39.556825+0000,89113000000,,,45049000000,,-45049000000,,,42934000000,-8958000000,33976000000,1998000000,0,31978000000,-1421000000,30557000000,8077831463,,,,0.342902,0.505527,,-0.505527,3.782822,1898000000,-41069000000,-7193000000,-313291000000,291650000000,-28834000000,-7193000000,,-7193000000,,,,,3169495000000,,355365000000,,,10833000000,2899429000000,,23753000000,,280117000000,270066000000,245358000000,188064000000,-51495000000,10833000000,3169495000000,270066000000,-2899429000000,8077831463,1.125169,,,,,yahooquery,usd,mega_cap
BAC-PK,2022-12-31,2026-02-05T06:11:39.556825+0000,94950000000,,,45946000000,,-45946000000,,,52462000000,-21493000000,30969000000,3441000000,0,27528000000,-1513000000,26015000000,7996777943,0.065501,,,0.273986,0.483897,,-0.483897,3.253185,1978000000,-35833000000,-6327000000,-2529000000,-106039000000,-114895000000,-6327000000,,-6327000000,-0.120395,,-0.120395,,3051375000000,,237462000000,,,11510000000,2778178000000,,26932000000,,275982000000,273197000000,244800000000,207003000000,65452000000,11510000000,3051375000000,338649000000,-2778178000000,7996777943,1.108775,-0.037268,0.062494,-0.002274,0.253949,yahooquery,usd,mega_cap
BAC-PK,2023-12-31,2026-02-05T06:11:39.556825+0000,98581000000,,,47715000000,,-47715000000,,,56931000000,-28589000000,28342000000,1827000000,0,26515000000,-1649000000,24866000000,7895457665,0.038241,,,0.252239,0.484018,,-0.484018,3.149406,2057000000,16410000000,44982000000,-35387000000,93345000000,102940000000,44982000000,,44982000000,,,,1.0,3180151000000,,341419000000,,,11855000000,2888505000000,,32098000000,,302204000000,291646000000,263249000000,224672000000,-7117000000,11855000000,3180151000000,291646000000,-2888505000000,7895457665,1.14626,0.042203,0.029974,0.075364,-0.138796,yahooquery,usd,mega_cap
BAC-PK,2024-12-31,2026-02-05T06:11:39.556825+0000,101887000000,,,49623000000,,-49623000000,,,56060000000,-26806000000,29254000000,2122000000,0,27132000000,-1629000000,25503000000,7610862311,0.033536,,,0.250307,0.48704,,-0.48704,3.350869,2189000000,-38126000000,-8805000000,-90693000000,60369000000,-39129000000,-8805000000,,-8805000000,,,,,3261519000000,,296486000000,,,12168000000,2965960000000,,43391000000,,283279000000,295559000000,272400000000,242349000000,30184000000,12168000000,3261519000000,325743000000,-2965960000000,7610862311,1.105262,0.025586,0.026402,0.034762,0.116912,yahooquery,usd,mega_cap
BAC-PL,2021-12-31,2026-02-05T06:11:39.556825+0000,89113000000,,,45049000000,,-45049000000,,,42934000000,-8958000000,33976000000,1998000000,0,31978000000,-1421000000,30557000000,8077831463,,,,0.342902,0.505527,,-0.505527,3.782822,1898000000,-41069000000,-7193000000,-313291000000,291650000000,-28834000000,-7193000000,,-7193000000,,,,,3169495000000,,355365000000,,,10833000000,2899429000000,,23753000000,,280117000000,270066000000,245358000000,188064000000,-51495000000,10833000000,3169495000000,270066000000,-2899429000000,8077831463,1.125169,,,,,yahooquery,usd,mega_cap
BAC-PL,2022-12-31,2026-02-05T06:11:39.556825+0000,94950000000,,,45946000000,,-45946000000,,,52462000000,-21493000000,30969000000,3441000000,0,27528000000,-1513000000,26015000000,7996777943,0.065501,,,0.273986,0.483897,,-0.483897,3.253185,1978000000,-35833000000,-6327000000,-2529000000,-106039000000,-114895000000,-6327000000,,-6327000000,-0.120395,,-0.120395,,3051375000000,,237462000000,,,11510000000,2778178000000,,26932000000,,275982000000,273197000000,244800000000,207003000000,65452000000,11510000000,3051375000000,338649000000,-2778178000000,7996777943,1.108775,-0.037268,0.062494,-0.002274,0.253949,yahooquery,usd,mega_cap
BAC-PL,2023-12-31,2026-02-05T06:11:39.556825+0000,98581000000,,,47715000000,,-47715000000,,,56931000000,-28589000000,28342000000,1827000000,0,26515000000,-1649000000,24866000000,7895457665,0.038241,,,0.252239,0.484018,,-0.484018,3.149406,2057000000,16410000000,44982000000,-35387000000,93345000000,102940000000,44982000000,,44982000000,,,,1.0,3180151000000,,341419000000,,,11855000000,2888505000000,,32098000000,,302204000000,291646000000,263249000000,224672000000,-7117000000,11855000000,3180151000000,291646000000,-2888505000000,7895457665,1.14626,0.042203,0.029974,0.075364,-0.138796,yahooquery,usd,mega_cap
BAC-PL,2024-12-31,2026-02-05T06:11:39.556825+0000,101887000000,,,49623000000,,-49623000000,,,56060000000,-26806000000,29254000000,2122000000,0,27132000000,-1629000000,25503000000,7610862311,0.033536,,,0.250307,0.48704,,-0.48704,3.350869,2189000000,-38126000000,-8805000000,-90693000000,60369000000,-39129000000,-8805000000,,-8805000000,,,,,3261519000000,,296486000000,,,12168000000,2965960000000,,43391000000,,283279000000,295559000000,272400000000,242349000000,30184000000,12168000000,3261519000000,325743000000,-2965960000000,7610862311,1.105262,0.025586,0.026402,0.034762,0.116912,yahooquery,usd,mega_cap
BACRP,2021-12-31,2026-02-05T06:11:39.556825+0000,89113000000,,,45049000000,,-45049000000,,,42934000000,-8958000000,33976000000,1998000000,0,31978000000,-1421000000,30557000000,8077831463,,,,0.342902,0.505527,,-0.505527,3.782822,1898000000,-41069000000,-7193000000,-313291000000,291650000000,-28834000000,-7193000000,,-7193000000,,,,,3169495000000,,355365000000,,,10833000000,2899429000000,,23753000000,,280117000000,270066000000,245358000000,188064000000,-51495000000,10833000000,3169495000000,270066000000,-2899429000000,8077831463,1.125169,,,,,yahooquery,usd,mega_cap
BACRP,2022-12-31,2026-02-05T06:11:39.556825+0000,94950000000,,,45946000000,,-45946000000,,,52462000000,-21493000000,30969000000,3441000000,0,27528000000,-1513000000,26015000000,7996777943,0.065501,,,0.273986,0.483897,,-0.483897,3.253185,1978000000,-35833000000,-6327000000,-2529000000,-106039000000,-114895000000,-6327000000,,-6327000000,-0.120395,,-0.120395,,3051375000000,,237462000000,,,11510000000,2778178000000,,26932000000,,275982000000,273197000000,244800000000,207003000000,65452000000,11510000000,3051375000000,338649000000,-2778178000000,7996777943,1.108775,-0.037268,0.062494,-0.002274,0.253949,yahooquery,usd,mega_cap
BACRP,2023-12-31,2026-02-05T06:11:39.556825+0000,98581000000,,,47715000000,,-47715000000,,,56931000000,-28589000000,28342000000,1827000000,0,26515000000,-1649000000,24866000000,7895457665,0.038241,,,0.252239,0.484018,,-0.484018,3.149406,2057000000,16410000000,44982000000,-35387000000,93345000000,102940000000,44982000000,,44982000000,,,,1.0,3180151000000,,341419000000,,,11855000000,2888505000000,,32098000000,,302204000000,291646000000,263249000000,224672000000,-7117000000,11855000000,3180151000000,291646000000,-2888505000000,7895457665,1.14626,0.042203,0.029974,0.075364,-0.138796,yahooquery,usd,mega_cap
BACRP,2024-12-31,2026-02-05T06:11:39.556825+0000,101887000000,,,49623000000,,-49623000000,,,56060000000,-26806000000,29254000000,2122000000,0,27132000000,-1629000000,25503000000,7610862311,0.033536,,,0.250307,0.48704,,-0.48704,3.350869,2189000000,-38126000000,-8805000000,-90693000000,60369000000,-39129000000,-8805000000,,-8805000000,,,,,3261519000000,,296486000000,,,12168000000,2965960000000,,43391000000,,283279000000,295559000000,272400000000,242349000000,30184000000,12168000000,3261519000000,325743000000,-2965960000000,7610862311,1.105262,0.025586,0.026402,0.034762,0.116912,yahooquery,usd,mega_cap
BML-PG,2021-12-31,2026-02-05T06:11:39.556825+0000,89113000000,,,45049000000,,-45049000000,,,42934000000,-8958000000,33976000000,1998000000,0,31978000000,-1421000000,30557000000,8077831463,,,,0.342902,0.505527,,-0.505527,3.782822,1898000000,-41069000000,-7193000000,-313291000000,291650000000,-28834000000,-7193000000,,-7193000000,,,,,3169495000000,,355365000000,,,10833000000,2899429000000,,23753000000,,280117000000,270066000000,245358000000,188064000000,-51495000000,10833000000,3169495000000,270066000000,-2899429000000,8077831463,1.125169,,,,,yahooquery,usd,mega_cap
BML-PG,2022-12-31,2026-02-05T06:11:39.556825+0000,94950000000,,,45946000000,,-45946000000,,,52462000000,-21493000000,30969000000,3441000000,0,27528000000,-1513000000,26015000000,7996777943,0.065501,,,0.273986,0.483897,,-0.483897,3.253185,1978000000,-35833000000,-6327000000,-2529000000,-106039000000,-114895000000,-6327000000,,-6327000000,-0.120395,,-0.120395,,3051375000000,,237462000000,,,11510000000,2778178000000,,26932000000,,275982000000,273197000000,244800000000,207003000000,65452000000,11510000000,3051375000000,338649000000,-2778178000000,7996777943,1.108775,-0.037268,0.062494,-0.002274,0.253949,yahooquery,usd,mega_cap
BML-PG,2023-12-31,2026-02-05T06:11:39.556825+0000,98581000000,,,47715000000,,-47715000000,,,56931000000,-28589000000,28342000000,1827000000,0,26515000000,-1649000000,24866000000,7895457665,0.038241,,,0.252239,0.484018,,-0.484018,3.149406,2057000000,16410000000,44982000000,-35387000000,93345000000,102940000000,44982000000,,44982000000,,,,1.0,3180151000000,,341419000000,,,11855000000,2888505000000,,32098000000,,302204000000,291646000000,263249000000,224672000000,-7117000000,11855000000,3180151000000,291646000000,-2888505000000,7895457665,1.14626,0.042203,0.029974,0.075364,-0.138796,yahooquery,usd,mega_cap
BML-PG,2024-12-31,2026-02-05T06:11:39.556825+0000,101887000000,,,49623000000,,-49623000000,,,56060000000,-26806000000,29254000000,2122000000,0,27132000000,-1629000000,25503000000,7610862311,0.033536,,,0.250307,0.48704,,-0.48704,3.350869,2189000000,-38126000000,-8805000000,-90693000000,60369000000,-39129000000,-8805000000,,-8805000000,,,,,3261519000000,,296486000000,,,12168000000,2965960000000,,43391000000,,283279000000,295559000000,272400000000,242349000000,30184000000,12168000000,3261519000000,325743000000,-2965960000000,7610862311,1.105262,0.025586,0.026402,0.034762,0.116912,yahooquery,usd,mega_cap
